Time,Value
0,0.99999994
0.05,-4.582136e-08
