Time,Value
0,0
0.5,0.45
0.7,0.79999995
1,1.0000001
