Time,Value
400,0
400,0.99999994
5000,1.0000001
30000,0.3
